Year,Month,Stock_lag_MV,Stock_Ew_Ret,Stock_Vw_Ret
1926,1,26903.95256,0.022431768,0.00024718
1926,2,27032.34525,-0.05163699,-0.033976016
1926,3,26162.08369,-0.093741925,-0.06487498
1926,4,24506.93169,0.030398295,0.036694607
1926,5,25274.39456,0.002038179,0.012259526
1926,6,25594.68525,0.047940574,0.054375975
1926,7,26937.26713,0.012072202,0.031236748
1926,8,27402.10725,0.029774708,0.028823639
1926,9,28424.389,-0.006399994,0.005894367
1926,10,28308.14406,-0.033303694,-0.029081356
1926,11,27501.09538,0.023832584,0.028185484
1926,12,28281.30263,0.023524148,0.028972251
1927,1,29615.34656,0.011517586,0.001899069
1927,2,29783.69531,0.051993247,0.044243026
1927,3,34730.22255,-0.018591386,0.003811713
1927,4,31199.38019,0.007412401,0.007126009
1927,5,31452.86456,0.061050127,0.057261438
1927,6,33469.62919,-0.01749278,-0.020780092
1927,7,32782.78206,0.056630109,0.075173361
1927,8,35015.154,0.00514474,0.022243452
1927,9,35793.62981,0.03064533,0.049619526
1927,10,39052.71719,-0.037522043,-0.04031814
1927,11,37295.54106,0.091470357,0.067209192
1927,12,39512.04206,0.030062188,0.023007496
1928,1,40899.81406,0.031316408,-0.003243677
1928,2,40131.60475,-0.021559205,-0.013562302
1928,3,39404.01963,0.070794543,0.090682751
1928,4,42920.254,0.085115603,0.044646979
1928,5,44712.6545,0.04328714,0.018441735
1928,6,45655.52344,-0.067638094,-0.045123259
1928,7,43615.92994,0.001215705,0.009490728
1928,8,44218.22125,0.056871214,0.069979037
1928,9,47406.64881,0.048901036,0.031311736
1928,10,49010.12144,0.017709884,0.018910485
1928,11,50525.0103,0.112418066,0.120556562
1928,12,56214.138,-0.004450693,0.004249111
1929,1,58301.29825,0.034622025,0.049923381
1929,2,61875.58301,0.005965068,0.00018362
1929,3,61100.91223,-0.031510227,-0.004992677
1929,4,61219.70788,0.014704445,0.017818927
1929,5,63917.58907,-0.086304802,-0.058823656
1929,6,60690.74513,0.072435589,0.102084357
1929,7,66689.18675,0.019882136,0.045968566
1929,8,69851.60619,0.026402412,0.087120021
1929,9,78323.82556,-0.042941561,-0.050505363
1929,10,74373.61363,-0.19808918,-0.193853366
1929,11,60493.8145,-0.124916069,-0.122328364
1929,12,52780.12413,-0.026311655,0.016903588
1930,1,55151.94569,0.102949418,0.057443837
1930,2,58958.88238,0.034881575,0.027972855
1930,3,60406.26694,0.102848759,0.074404028
1930,4,65130.69788,-0.042007908,-0.018356253
1930,5,63976.75538,-0.037898923,-0.013998224
1930,6,63557.35963,-0.183583027,-0.158250988
1930,7,53092.83638,0.033999221,0.043145531
1930,8,56528.38381,-0.017898874,0.003886489
1930,9,56900.21031,-0.147673131,-0.124018
1930,10,49122.27288,-0.094873906,-0.086735778
1930,11,45196.76206,-0.02458382,-0.029060229
1930,12,43944.82413,-0.136341016,-0.076599686
1931,1,40665.04269,0.136995879,0.063788395
1931,2,43210.81744,0.149764898,0.109088975
1931,3,47779.92225,-0.062505992,-0.061912835
1931,4,44425.50613,-0.146749286,-0.098664284
1931,5,39951.2925,-0.139268394,-0.131454135
1931,6,34652.8875,0.175041655,0.139592831
1931,7,39240.60963,-0.066797639,-0.065543912
1931,8,36559.7885,-0.019558887,0.00439741
1931,9,36420.867,-0.301074166,-0.287942055
1931,10,25272.45613,0.096036704,0.081187039
1931,11,27250.93338,-0.089397304,-0.088885407
1931,12,24655.87556,-0.180998266,-0.133978309
1932,1,21180.78338,0.080333266,-0.013429301
1932,2,20924.45963,0.019784233,0.056742068
1932,3,21927.65731,-0.120182273,-0.110536047
1932,4,19422.13038,-0.174405519,-0.177725794
1932,5,15843.99613,-0.200352742,-0.203231737
1932,6,12456.98988,0.036375332,-0.006770707
1932,7,12141.67419,0.427309521,0.337526849
1932,8,16218.79781,0.661524415,0.370912461
1932,9,22171.19925,-0.054737,-0.02903044
1932,10,21393.21756,-0.163447341,-0.131312026
1932,11,18516.20069,-0.076263863,-0.058413981
1932,12,17308.70219,-0.032554948,0.044029698
1933,1,17916.415,0.036667294,0.012615492
1933,2,18159.81288,-0.153467899,-0.152705931
1933,3,15290.756,0.096577197,0.031583137
1933,4,15497.91025,0.506042049,0.388802916
1933,5,21646.08331,0.602579623,0.214466934
1933,6,26229.72469,0.221611085,0.130891015
1933,7,29578.98656,-0.091144359,-0.096074975
1933,8,26755.42931,0.110247039,0.120370259
1933,9,29947.46431,-0.148504543,-0.105964916
1933,10,26556.62625,-0.106387565,-0.083444746
1933,11,24337.12494,0.064039918,0.099748774
1933,12,26724.62369,0.017155855,0.018449646
1934,1,27101.0315,0.315546923,0.126371645
1934,2,30463.16794,0.011943826,-0.024736795
1934,3,29668.55219,0.006700569,0.001130801
1934,4,29518.29463,0.002178205,-0.017813801
1934,5,29037.36369,-0.108397187,-0.072544955
1934,6,26839.79525,0.002608987,0.02647476
1934,7,27403.30256,-0.185706978,-0.109114963
1934,8,24304.15256,0.095161883,0.055843201
1934,9,26020.80088,-0.00986728,-0.002230079
1934,10,25746.02481,-0.019334208,-0.016564578
1934,11,25426.47563,0.128400949,0.083331197
1934,12,27471.50388,0.014750632,0.003714168
1935,1,27430.00625,-0.031725223,-0.034378565
1935,2,26411.7835,-0.058086689,-0.019331607
1935,3,25659.04356,-0.073247209,-0.036255831
1935,4,24443.97463,0.098933951,0.090678917
1935,5,26936.18875,0.023221694,0.034780737
1935,6,27787.79388,0.040704171,0.059377536
1935,7,29309.74538,0.109825897,0.074661627
1935,8,31398.70213,0.081450748,0.026660647
1935,9,32210.58103,0.024863303,0.026351084
1935,10,32924.7275,0.084116274,0.07038389
1935,11,35174.29406,0.144818718,0.048999337
1935,12,36745.61075,0.058331996,0.04560586
1936,1,38465.574,0.149417721,0.068946938
1936,2,41057.43231,0.043415178,0.025013614
1936,3,42072.15725,0.006210517,0.009981128
1936,4,42170.30444,-0.120917553,-0.081211946
1936,5,39198.94769,0.051119314,0.052072417
1936,6,41085.23813,-0.000322993,0.024293366
1936,7,42043.98619,0.080572231,0.066825777
1936,8,44816.54988,0.019156849,0.010055173
1936,9,45077.85231,0.034744299,0.009850206
1936,10,45439.882,0.064808076,0.071594458
1936,11,48685.27763,0.090954028,0.032728123
1936,12,49948.02538,0.026800993,0.002132702
1937,1,50101.77869,0.074713286,0.033662369
1937,2,51791.17219,0.023753438,0.01102927
1937,3,52333.43213,0.0019326,-0.00241843
1937,4,52305.09456,-0.099687329,-0.073172504
1937,5,48511.21969,-0.024349749,-0.007709715
1937,6,47926.67181,-0.076073991,-0.0418046
1937,7,45906.35625,0.09859808,0.089411633
1937,8,49888.49375,-0.052050388,-0.048337209
1937,9,47379.05875,-0.193486135,-0.135742243
1937,10,40808.24944,-0.100791753,-0.095908374
1937,11,36950.5845,-0.109297396,-0.082869139
1937,12,33429.56469,-0.09961118,-0.042210026
1938,1,31687.91794,0.041727042,0.004911855
1938,2,32076.42063,0.060709414,0.058358111
1938,3,33780.82856,-0.282390839,-0.237704183
1938,4,25575.28913,0.201322264,0.144914343
1938,5,29265.51256,-0.070862415,-0.038298558
1938,6,28086.46844,0.30606321,0.238240606
1938,7,34566.0835,0.122140567,0.073296665
1938,8,37058.0565,-0.063260227,-0.026684139
1938,9,35951.25119,-0.014955042,0.008288551
1938,10,36104.45006,0.142672557,0.07804886
1938,11,38868.737,-0.037369291,-0.017868869
1938,12,37981.93925,0.029841351,0.041904902
1939,1,39258.87375,-0.075027329,-0.059459373
1939,2,36786.57431,0.041182341,0.035159031
1939,3,38051.19081,-0.172267234,-0.119891734
1939,4,33330.85238,0.001341325,-0.001863256
1939,5,33224.22656,0.084249422,0.068041024
1939,6,35382.96188,-0.083829871,-0.052987411
1939,7,33340.36869,0.134232053,0.102221806
1939,8,36610.30844,-0.105664374,-0.0668339
1939,9,34008.70219,0.394228857,0.168865481
1939,10,39614.11119,-0.006964712,-0.005259532
1939,11,39365.69263,-0.080684858,-0.036203129
1939,12,37618.55125,0.01730741,0.030294774
1940,1,38546.37256,-0.020079464,-0.024096396
1940,2,37680.11506,0.030133815,0.014438959
1940,3,38047.27038,0.026939555,0.020460617
1940,4,38702.58938,0.01381621,0.002163455
1940,5,38729.25078,-0.268236537,-0.219628973
1940,6,30019.79197,0.06583487,0.066732505
1940,7,31867.06947,0.036888295,0.031740884
1940,8,32833.27928,0.020448201,0.021857748
1940,9,33327.29091,0.036242085,0.023920302
1940,10,34002.18644,0.046610966,0.030231654
1940,11,34975.32934,-0.001864937,-0.016098046
1940,12,34096.79931,-0.018781369,0.006935817
1941,1,34190.43599,-0.006922659,-0.041774412
1941,2,32745.93197,-0.018963657,-0.014374755
1941,3,32074.84915,0.01450141,0.008552159
1941,4,32176.83403,-0.057036799,-0.054622757
1941,5,30368.0478,0.009555207,0.013893841
1941,6,30554.59153,0.065116451,0.05833809
1941,7,32128.86343,0.128963779,0.058958752
1941,8,33984.6023,-0.008327846,-0.001684377
1941,9,33746.93621,-0.020202227,-0.008653898
1941,10,33303.15022,-0.062406362,-0.052477873
1941,11,31511.53319,-0.034482243,-0.019177296
1941,12,30498.27914,-0.081913654,-0.048639607
1942,1,28845.16772,0.133585101,0.008100861
1942,2,29026.51527,-0.017398636,-0.024484247
1942,3,28137.02017,-0.048252193,-0.065667007
1942,4,26112.15102,-0.046261134,-0.043643605
1942,5,24927.33316,0.028406847,0.059630531
1942,6,26229.98225,0.025100358,0.027188175
1942,7,26743.01504,0.045704939,0.035361422
1942,8,27615.80966,0.028342633,0.018246915
1942,9,27956.32556,0.047942114,0.026346229
1942,10,28524.44643,0.09997171,0.068457819
1942,11,30410.35849,-0.014876328,0.001780442
1942,12,30155.98247,0.034917672,0.051473282
1943,1,31457.96475,0.167952561,0.071579003
1943,2,33675.546,0.131953809,0.061743076
1943,3,35607.78613,0.111174603,0.060433492
1943,4,37567.75294,0.035353638,0.008428698
1943,5,37820.24657,0.084941841,0.057586395
1943,6,39797.20281,0.010819105,0.018459102
1943,7,40336.96206,-0.063983696,-0.04739181
1943,8,39020.34838,0.003351773,0.013330242
1943,9,39223.63006,0.034878947,0.024234709
1943,10,39978.31654,-0.003319875,-0.011179687
1943,11,39597.531,-0.087190009,-0.058769116
1943,12,36971.08974,0.096259074,0.063605527
1944,1,38934.93516,0.045446439,0.01766431
1944,2,39792.11869,0.012874637,0.003976306
1944,3,39768.60071,0.041335746,0.024914772
1944,4,40559.29309,-0.029065108,-0.01659048
1944,5,39847.83763,0.065106899,0.050792165
1944,6,41602.14449,0.104632971,0.055218008
1944,7,43739.59091,-0.012905988,-0.014593997
1944,8,43072.14075,0.030542428,0.015958372
1944,9,43567.53519,0.000132425,0.000321693
1944,10,43449.11219,-0.000291684,0.001877199
1944,11,43470.16869,0.023415952,0.01741671
1944,12,43847.55453,0.068301886,0.040509465
1945,1,45891.14925,0.043877797,0.020390738
1945,2,46885.67231,0.085183299,0.062486839
1945,3,49609.97469,-0.056081114,-0.038688466
1945,4,47504.67425,0.088194731,0.078123274
1945,5,51192.42738,0.029836544,0.017595733
1945,6,52024.59963,0.036569074,0.004108007
1945,7,52080.792,-0.034254888,-0.021391602
1945,8,50962.57913,0.065961747,0.062292266
1945,9,53915.95075,0.062413387,0.047928782
1945,10,56329.67094,0.064531089,0.039210785
1945,11,58551.84806,0.096212972,0.054123379
1945,12,61393.08581,0.023753071,0.012259354
1946,1,62901.42288,0.093275372,0.062691539
1946,2,67168.40569,-0.065898046,-0.057965866
1946,3,63133.127,0.057918916,0.059005815
1946,4,66781.05,0.052258317,0.042556807
1946,5,69677.21775,0.054312354,0.039628277
1946,6,72520.516,-0.048480149,-0.038606585
1946,7,69564.91769,-0.040577851,-0.026599302
1946,8,68013.05869,-0.074931055,-0.064123426
1946,9,63483.22044,-0.134543585,-0.101312283
1946,10,56887.22656,-0.011902984,-0.014063045
1946,11,56016.74919,-0.002968482,0.000116839
1946,12,55662.22494,0.046392746,0.049906571
1947,1,58446.84594,0.02972948,0.012773156
1947,2,59255.154,-0.006999917,-0.010505576
1947,3,58294.7325,-0.030494434,-0.016424874
1947,4,57258.08931,-0.082042088,-0.047690818
1947,5,54485.14306,-0.037682165,-0.009467419
1947,6,53646.88894,0.056545603,0.053169741
1947,7,56400.11813,0.061856387,0.041622263
1947,8,58744.49169,-0.017130754,-0.017143772
1947,9,57644.373,0.00565989,-0.004708727
1947,10,57195.72544,0.033807593,0.02538741
1947,11,58533.88525,-0.029357432,-0.019067022
1947,12,57022.08669,0.023116673,0.030771073
1948,1,58780.48381,-0.016455018,-0.038544865
1948,2,56612.63844,-0.05907123,-0.042982013
1948,3,53801.98625,0.094145266,0.081592407
1948,4,57921.43481,0.039431126,0.037248091
1948,5,60096.15481,0.087645149,0.073893026
1948,6,64216.38463,-0.012327041,-3.90E-05
1948,7,64042.35981,-0.052976903,-0.049966274
1948,8,60658.58819,-0.002277184,0.003324985
1948,9,60494.69306,-0.042433723,-0.029324339
1948,10,58445.60588,0.052992662,0.060012156
1948,11,61786.08425,-0.106178227,-0.092602852
1948,12,55456.18281,0.013015256,0.033017541
1949,1,57108.092,0.018133764,0.003262173
1949,2,57286.90988,-0.040951231,-0.028367798
1949,3,55403.73263,0.059070564,0.041331843
1949,4,57399.738,-0.031422,-0.017726677
1949,5,56330.13363,-0.043076914,-0.028519228
1949,6,54424.73019,-0.00803241,0.001909574
1949,7,54166.15306,0.062114258,0.056270441
1949,8,57260.71119,0.025373409,0.026960715
1949,9,58400.59569,0.043299447,0.031778247
1949,10,60300.32638,0.039223674,0.032315604
1949,11,62114.68669,0.009836852,0.019110046
1949,12,62528.55663,0.070640956,0.052133974
1950,1,66042.31206,0.039702321,0.017893117
1950,2,67231.58675,0.016494493,0.015643718
1950,3,67878.4065,-0.001723043,0.013592396
1950,4,68780.08769,0.047309469,0.040273179
1950,5,71446.43256,0.033284571,0.044093445
1950,6,74213.02531,-0.075273281,-0.058290575
1950,7,69538.31188,0.050335746,0.014609538
1950,8,70559.75075,0.051478819,0.04950542
1950,9,73399.04794,0.054362555,0.049058608
1950,10,76817.23806,-0.005145414,-0.00066187
1950,11,76713.82825,0.031958998,0.028619696
1950,12,77632.85031,0.084079836,0.056506292
1951,1,82757.17881,0.075416007,0.058240337
1951,2,87583.0555,0.011716711,0.015145879
1951,3,88508.80031,-0.033609617,-0.020445947
1951,4,86701.83075,0.040154651,0.049905697
1951,5,91010.89756,-0.0248472,-0.022189922
1951,6,88431.76213,-0.045062738,-0.025052939
1951,7,86285.94956,0.062930479,0.070789712
1951,8,92293.27475,0.046820743,0.044044389
1951,9,95583.0295,0.022811676,0.008214318
1951,10,96015.95969,-0.024081207,-0.023734827
1951,11,93575.39188,0.007333537,0.006737654
1951,12,93511.34125,0.015077319,0.034523195
1952,1,98118.45219,0.017095183,0.016036206
1952,2,99667.71995,-0.020593372,-0.025097163
1952,3,96483.05803,0.028327197,0.045454705
1952,4,100749.2283,-0.044867381,-0.048515993
1952,5,95754.72813,0.024597988,0.033262474
1952,6,98321.991,0.030643911,0.039777804
1952,7,101947.4269,0.010276936,0.010582237
1952,8,102946.4611,0.000479433,-0.00617046
1952,9,101537.6689,-0.014879713,-0.018712701
1952,10,99489.54,-0.011624107,-0.005234453
1952,11,98712.92888,0.055704307,0.060442865
1952,12,103778.5921,0.022666481,0.030917707
1953,1,108491.6393,0.024664076,-0.001775053
1953,2,108240.8624,0.01237788,-0.001320094
1953,3,107380.0158,-0.010250371,-0.012445475
1953,4,105594.3655,-0.02340015,-0.026646702
1953,5,102833.2683,0.006042717,0.006924449
1953,6,103004.8023,-0.031747816,-0.017065894
1953,7,100893.6606,0.017276168,0.025438626
1953,8,103312.428,-0.051525318,-0.043481493
1953,9,98069.26331,-0.010761152,0.003671141
1953,10,98031.60006,0.03750732,0.047198565
1953,11,102410.6352,0.021389439,0.029021717
1953,12,104570.7886,-0.014983089,0.001543673
1954,1,106091.5826,0.071255743,0.052412423
1954,2,111557.9445,0.013571296,0.017398086
1954,3,112701.8686,0.028429075,0.037321934
1954,4,116449.9264,0.016325309,0.043632298
1954,5,121567.3771,0.042854849,0.031439177
1954,6,124572.5624,0.012518963,0.011326904
1954,7,125588.052,0.071732976,0.050438665
1954,8,131807.3288,-0.009195649,-0.022794943
1954,9,127822.8926,0.043922754,0.064789304
1954,10,135768.6266,-0.007344105,-0.01601585
1954,11,133357.9722,0.091289761,0.094417008
1954,12,144628.0124,0.08758998,0.055628883
1955,1,156481.5803,0.014220245,0.006852758
1955,2,157341.4233,0.042534577,0.031019928
1955,3,161717.7757,0.000897757,-0.000564481
1955,4,161052.5984,0.023104469,0.032118398
1955,5,166156.9924,0.006839505,0.01072988
1955,6,166818.7538,0.034223823,0.066507715
1955,7,177740.1579,0.007926556,0.019908351
1955,8,181146.9928,0.004558138,0.003704856
1955,9,181038.5792,-0.00804475,-0.002035184
1955,10,180075.6049,-0.017160559,-0.024868819
1955,11,175124.542,0.055366942,0.072041784
1955,12,186524.7275,0.021940588,0.01667174
1956,1,193190.0484,-0.020484975,-0.028128748
1956,2,187547.9608,0.033065059,0.039623555
1956,3,194140.5328,0.051184366,0.067880279
1956,4,207597.0479,0.003937368,0.004657819
1956,5,208374.2383,-0.039856207,-0.049732183
1956,6,196965.5161,0.021437064,0.03673525
1956,7,203463.5065,0.03950548,0.050531564
1956,8,213571.234,-0.018019956,-0.03012235
1956,9,205909.2719,-0.035637875,-0.049525475
1956,10,195910.6924,0.007154649,0.007700914
1956,11,196866.5323,0.005648294,0.005662515
1956,12,196529.8214,0.02273514,0.033988125
1957,1,206752.7993,0.002774455,-0.033061824
1957,2,199869.2029,-0.022745598,-0.018253297
1957,3,195564.1149,0.022242958,0.023576015
1957,4,199775.3344,0.025843979,0.045079804
1957,5,208950.8879,0.021292726,0.037048476
1957,6,216168.5553,-0.007311795,-0.005031325
1957,7,214599.5378,0.005635918,0.009566661
1957,8,216859.5303,-0.049258045,-0.048598709
1957,9,205405.8586,-0.05253143,-0.057214679
1957,10,193059.9659,-0.065158326,-0.040262694
1957,11,185191.0171,0.020852757,0.025751368
1957,12,189207.9115,-0.04817032,-0.036560787
1958,1,184408.7994,0.10637153,0.049282749
1958,2,192832.8481,-0.011272442,-0.013982616
1958,3,188853.085,0.035461022,0.033675157
1958,4,195220.2642,0.030362323,0.031680183
1958,5,201326.1133,0.039328847,0.024205548
1958,6,204989.8514,0.032070421,0.02956118
1958,7,210324.8227,0.054078238,0.0445204
1958,8,219068.7198,0.030213346,0.019481161
1958,9,222190.2775,0.051997642,0.04841507
1958,10,232195.0978,0.032444013,0.027104644
1958,11,238082.8894,0.042590026,0.031152215
1958,12,244707.8291,0.038871435,0.053672448
1959,1,263460.0499,0.041971543,0.009182743
1959,2,266351.4561,0.028679197,0.011353086
1959,3,268190.3008,0.011834037,0.004973834
1959,4,268718.4104,0.025934101,0.038557127
1959,5,279109.147,0.0073129,0.019476592
1959,6,283802.0374,0.004537603,-1.66E-05
1959,7,283287.0088,0.030375409,0.034287816
1959,8,292751.9663,-0.014853863,-0.011998189
1959,9,288068.8238,-0.045139431,-0.044955479
1959,10,274576.3715,0.022010398,0.015823375
1959,11,278801.1556,0.015336356,0.018541098
1959,12,282696.2778,0.02127197,0.02787048
1960,1,294435.2609,-0.039276972,-0.066488241
1960,2,274640.3815,0.008798174,0.014549496
1960,3,277964.5861,-0.024560507,-0.012876375
1960,4,273844.7716,-0.019145602,-0.015111548
1960,5,269601.0668,0.025772735,0.033915248
1960,6,277758.2463,0.021799196,0.023168531
1960,7,283744.6861,-0.018909407,-0.022316488
1960,8,277490.5661,0.037296422,0.031715661
1960,9,284922.7579,-0.059944995,-0.058326877
1960,10,268257.5578,-0.023962377,-0.004907921
1960,11,266623.5194,0.046695551,0.048257371
1960,12,277917.4534,0.038318202,0.048662759
1961,1,294886.6296,0.081834792,0.06388529
1961,2,313602.5301,0.061045781,0.037097962
1961,3,323988.2047,0.050237744,0.030889055
1961,4,334793.4548,0.009046641,0.004643806
1961,5,336481.3049,0.042232327,0.025817943
1961,6,343951.6508,-0.042209578,-0.028709746
1961,7,333417.6696,0.011251872,0.030141926
1961,8,344595.7078,0.021285843,0.027156687
1961,9,352566.3477,-0.029248892,-0.019782013
1961,10,345361.6086,0.020725722,0.027618851
1961,11,355030.1861,0.046311984,0.046035629
1961,12,369687.9894,-0.004093707,0.00012681
1962,1,372023.4286,-0.008014918,-0.03633273
1962,2,358877.3964,0.014961401,0.020089737
1962,3,365888.7288,-0.006069944,-0.004802827
1962,4,363318.6881,-0.068607394,-0.063583372
1962,5,340150.2251,-0.098010448,-0.08405284
1962,6,310051.5092,-0.085809924,-0.082774671
1962,7,282804.113,0.036759386,0.065359577
1962,8,323590.0475,0.03726184,0.023609227
1962,9,329565.1393,-0.064794623,-0.050078262
1962,10,312685.6151,-0.040481184,0.002024068
1962,11,312555.8367,0.120314362,0.110634782
1962,12,344944.7822,-0.027041162,0.012449504
1963,1,350101.0601,0.089213759,0.051840896
1963,2,367935.2329,-0.017284688,-0.021584199
1963,3,358435.703,0.011097019,0.03305751
1963,4,369949.7354,0.025559154,0.047622437
1963,5,387757.2239,0.032079697,0.019982536
1963,6,393625.7698,-0.010281078,-0.017737435
1963,7,386356.2811,-0.006481211,-0.001228893
1963,8,385325.0417,0.041963379,0.053176948
1963,9,404385.5742,-0.01063377,-0.012813639
1963,10,398717.9922,0.012444787,0.028297528
1963,11,409300.2038,-0.016437952,-0.005817618
1963,12,402830.8948,-0.005437702,0.021084895
1964,1,412882.5675,0.032585297,0.025336747
1964,2,425452.7629,0.025484894,0.018055629
1964,3,432493.0519,0.026267728,0.017196533
1964,4,439573.106,0.000308575,0.003957153
1964,5,442997.4546,0.006073535,0.016732087
1964,6,448675.931,0.010679638,0.015672019
1964,7,454952.5388,0.029662624,0.020394114
1964,8,464572.1563,-0.006430861,-0.011581651
1964,9,456989.6975,0.037224564,0.029718941
1964,10,470427.5793,0.019357256,0.008903234
1964,11,476777.8319,-0.000226912,0.002850873
1964,12,470300.5667,-0.013347892,0.003441051
1965,1,475827.1759,0.071141721,0.038227916
1965,2,493861.1903,0.033584243,0.007435282
1965,3,495453.2926,0.015326888,-0.009804751
1965,4,491139.7454,0.042064847,0.034168009
1965,5,507877.2587,-0.006812503,-0.004634778
1965,6,504347.3851,-0.083362914,-0.051480153
1965,7,477505.8618,0.029052268,0.017455104
1965,8,485239.6792,0.041391788,0.030585037
1965,9,497806.5776,0.026200971,0.031707172
1965,10,512883.5372,0.058359482,0.029104134
1965,11,527752.5765,0.046954792,0.003313071
1965,12,525763.177,0.042998521,0.013418594
1966,1,537054.2041,0.06274193,0.01092993
1966,2,542783.7901,0.029922826,-0.008576727
1966,3,535719.3047,-0.010128354,-0.021291963
1966,4,523355.5368,0.046815589,0.02480283
1966,5,535494.7816,-0.087090277,-0.052501603
1966,6,506027.1019,-0.004871805,-0.010625206
1966,7,500219.7979,-0.015633227,-0.012700892
1966,8,493501.0378,-0.100301036,-0.074956892
1966,9,454285.8848,-0.018500503,-0.006557223
1966,10,450123.467,-0.014912817,0.043124093
1966,11,469007.8365,0.041682078,0.017965624
1966,12,474640.7694,0.016322528,0.005366508
1967,1,481231.3533,0.173860016,0.085780663
1967,2,522125.8999,0.043044178,0.011362098
1967,3,526606.3857,0.059010426,0.043835174
1967,4,548464.1948,0.042083158,0.042144529
1967,5,571502.1252,-0.008227601,-0.039684361
1967,6,544614.8934,0.082699391,0.02687739
1967,7,558598.2688,0.08349512,0.048900237
1967,8,584113.3698,0.006159676,-0.005796885
1967,9,578030.0739,0.062867559,0.034209943
1967,10,596473.1589,-0.020777789,-0.026827204
1967,11,578745.5456,0.000407487,0.007168309
1967,12,580044.2673,0.082009886,0.033843286
1968,1,611032.3332,0.0225963,-0.036238694
1968,2,586707.87,-0.056629742,-0.033532003
1968,3,563865.0889,-0.010669815,0.005944275
1968,4,567245.811,0.144831896,0.094554295
1968,5,618289.9499,0.091433462,0.027229059
1968,6,633029.9338,0.016414442,0.011252069
1968,7,639661.9686,-0.027208618,-0.022039915
1968,8,623754.6739,0.035678808,0.017745501
1968,9,634482.8146,0.068497996,0.044765884
1968,10,661531.9967,0.00667504,0.008668466
1968,11,665723.0921,0.071638281,0.05851833
1968,12,703924.7154,0.004385343,-0.034987377
1969,1,697357.6106,-0.003639337,-0.007225864
1969,2,692228.8388,-0.086244486,-0.053802645
1969,3,653408.3216,0.019317667,0.03135779
1969,4,673341.0193,0.003059171,0.01989894
1969,5,688479.8127,0.004624195,0.004002217
1969,6,687492.2356,-0.111971368,-0.066741735
1969,7,641135.2122,-0.095993258,-0.064809705
1969,8,600343.5011,0.051698091,0.051906636
1969,9,630717.1784,-0.024260902,-0.023525376
1969,10,614956.8933,0.093789557,0.05653088
1969,11,649767.9564,-0.055816728,-0.032727258
1969,12,626165.6277,-0.066267585,-0.019862029
1970,1,623292.4099,-0.040027941,-0.074823783
1970,2,575958.9521,0.040084079,0.05745337
1970,3,608612.203,-0.024152739,-0.004830718
1970,4,605098.064,-0.162884688,-0.104919252
1970,5,540255.0864,-0.090912491,-0.063927446
1970,6,502994.5451,-0.075375901,-0.052033169
1970,7,476180.4659,0.05699891,0.074390658
1970,8,514034.3779,0.061321826,0.050126288
1970,9,537453.6551,0.126292375,0.047190838
1970,10,562695.2243,-0.059023144,-0.018154607
1970,11,551575.1861,0.002335478,0.050539418
1970,12,577652.9514,0.082509561,0.061522929
1971,1,621415.1339,0.13585125,0.052152824
1971,2,653333.0495,0.048651019,0.017308791
1971,3,661809.2773,0.055917228,0.044238565
1971,4,691313.5993,0.027798329,0.034311361
1971,5,714749.4838,-0.051047633,-0.036909755
1971,6,686717.6525,-0.017916733,0.002823352
1971,7,686490.1784,-0.055754405,-0.040905217
1971,8,659079.1793,0.041756873,0.042572026
1971,9,685265.6114,-0.005281333,-0.004832702
1971,10,681779.3346,-0.058451709,-0.040526585
1971,11,689100.226,-0.033629221,-0.000843276
1971,12,651090.5527,0.11796303,0.090651194
1972,1,724442.6326,0.104124151,0.027708601
1972,2,744659.6848,0.040855319,0.031144039
1972,3,766011.2359,-0.000127226,0.00898755
1972,4,772386.3667,0.000390902,0.005763021
1972,5,777510.3344,-0.019320131,0.015552079
1972,6,786307.7857,-0.03473986,-0.021368267
1972,7,769583.2245,-0.032218178,-0.004857873
1972,8,765689.1549,0.010680054,0.035470271
1972,9,791678.1543,-0.032041737,-0.007948709
1972,10,785875.2839,-0.015837313,0.009153486
1972,11,792553.7768,0.050722249,0.049679172
1972,12,828837.4893,-0.010147963,0.009915322
1973,1,1187702.665,-0.028443631,-0.023444253
1973,2,950428.2854,-0.075787554,-0.044266367
1973,3,904548.7588,-0.031308658,-0.008675896
1973,4,895747.1125,-0.072843358,-0.051554859
1973,5,848735.7999,-0.086723626,-0.024388149
1973,6,824046.1735,-0.041089834,-0.010499025
1973,7,813912.7623,0.106790035,0.056813604
1973,8,858543.4637,-0.045105288,-0.031199394
1973,9,827340.865,0.071632327,0.054257519
1973,10,872375.5057,-0.001472329,-0.001761897
1973,11,870263.9895,-0.173580665,-0.121857872
1973,12,759140.4305,-0.04242238,0.013741342
1974,1,766101.6734,0.130172179,0.004652107
1974,2,768040.1895,0.006819171,0.001134127
1974,3,764400.4476,0.009016482,-0.022556881
1974,4,745814.7396,-0.052601957,-0.045355282
1974,5,710600.2938,-0.06868153,-0.039344354
1974,6,678811.0817,-0.030643897,-0.022243783
1974,7,661664.2415,-0.051661577,-0.073399445
1974,8,611619.075,-0.078414946,-0.087418748
1974,9,553291.8756,-0.077554706,-0.109542405
1974,10,491171.2231,0.087561277,0.165976327
1974,11,571146.639,-0.047681756,-0.039631359
1974,12,546361.6908,-0.0752762,-0.027483279
1975,1,531745.512,0.278048249,0.142444903
1975,2,606991.8729,0.055615904,0.059880853
1975,3,640300.3921,0.078032586,0.030700692
1975,4,664010.843,0.033772677,0.04663049
1975,5,695155.704,0.072278329,0.056265377
1975,6,739532.1086,0.070217244,0.052119584
1975,7,770089.123,-0.006968701,-0.060963801
1975,8,721105.1605,-0.044571917,-0.023664442
1975,9,700279.1998,-0.035715133,-0.037330925
1975,10,672865.1209,0.015924841,0.058530828
1975,11,710288.3139,0.017780683,0.030534335
1975,12,729069.8135,-0.004731641,-0.011281308
1976,1,719961.2684,0.180182523,0.126084221
1976,2,809759.5078,0.111742878,0.006581643
1976,3,813245.0402,0.021568972,0.027161773
1976,4,833813.3834,-0.004244574,-0.010656083
1976,5,825053.7403,-0.018878291,-0.009637098
1976,6,813424.2172,0.026150461,0.044799994
1976,7,848944.133,0.002664854,-0.005932249
1976,8,842188.0785,-0.015099156,-0.001340567
1976,9,832196.8215,0.015341981,0.025024173
1976,10,856876.1848,-0.020686124,-0.020112289
1976,11,838745.9178,0.025262122,0.007526276
1976,12,842131.3414,0.097289639,0.060538627
1977,1,892454.3643,0.035666574,-0.036675219
1977,2,857440.712,0.003569513,-0.015853578
1977,3,839109.9953,0.010797686,-0.009904155
1977,4,830594.6522,0.017544993,0.005253571
1977,5,835402.1981,0.003262464,-0.010802561
1977,6,821063.6863,0.051439455,0.05111116
1977,7,863417.2592,0.01148789,-0.012685119
1977,8,851888.2175,-0.002997783,-0.013066329
1977,9,835399.6097,0.014257109,0.001638798
1977,10,835935.8654,-0.022406345,-0.038888137
1977,11,800771.9671,0.068430011,0.044947715
1977,12,831264.0006,0.021044632,0.00753588
1978,1,838912.9786,-0.01189866,-0.055080902
1978,2,788784.716,0.025479955,-0.009177631
1978,3,775552.353,0.06546283,0.033713257
1978,4,799165.0732,0.07923585,0.083965813
1978,5,864487.8656,0.068422065,0.022698308
1978,6,922600.1337,0.009914713,-0.010922552
1978,7,864968.3075,0.05039171,0.056590918
1978,8,912571.5811,0.091653656,0.042970753
1978,9,944677.887,0.005654415,-0.00808234
1978,10,937190.1505,-0.176676646,-0.11211259
1978,11,829358.2628,0.041151673,0.034185268
1978,12,851459.5661,0.013070558,0.016601559
1979,1,867594.4816,0.091295726,0.049966085
1979,2,907065.7668,-0.017296006,-0.028104059
1979,3,872720.7195,0.081261204,0.064799478
1979,4,925925.079,0.027991668,0.007364176
1979,5,929531.4701,-0.004392605,-0.013487656
1979,6,920215.2079,0.053351547,0.045917086
1979,7,948331.2932,0.022476985,0.015894612
1979,8,960930.8392,0.07314015,0.062902678
1979,9,1015025.263,-0.002382982,0.000203435
1979,10,1012992.556,-0.094940681,-0.07207534
1979,11,936247.3828,0.06430572,0.061937897
1979,12,988657.7983,0.066078606,0.027372212
1980,1,1018651.394,0.101358421,0.062921486
1980,2,1203012.087,-0.006671094,-0.002976136
1980,3,1063472.644,-0.161089746,-0.116590174
1980,4,934982.8908,0.049450376,0.052189146
1980,5,983061.7003,0.068710311,0.060546971
1980,6,1036399.238,0.043669899,0.036710234
1980,7,1100055.482,0.088346419,0.068470148
1980,8,1149452.119,0.064746125,0.024457346
1980,9,1171107.8,0.050804096,0.029422433
1980,10,1208698.188,0.047221878,0.020174067
1980,11,1229492.326,0.070837046,0.105314839
1980,12,1348708.961,-0.03103934,-0.031773677
1981,1,1314680.923,0.006119349,-0.039973562
1981,2,1260487.19,0.002571998,0.016394039
1981,3,1272770.675,0.071839008,0.04758295
1981,4,1330655.622,0.02834966,-0.010984818
1981,5,1316699.455,0.028373326,0.012627198
1981,6,1573685.095,-0.012996071,-0.008381188
1981,7,1313505.894,-0.019337811,-0.002983599
1981,8,1309727.36,-0.072616248,-0.057205197
1981,9,1225914.405,-0.087603758,-0.058955607
1981,10,1148353.729,0.069858496,0.060862759
1981,11,1207188.289,0.018615952,0.044214453
1981,12,1258340.186,-0.019459634,-0.027543412
1982,1,1226222.243,-0.017648523,-0.024366118
1982,2,1192274.406,-0.046989222,-0.04927166
1982,3,1123735.263,-0.011789696,-0.00854813
1982,4,1099941.57,0.05190928,0.043798868
1982,5,1143780.596,-0.023356888,-0.028503721
1982,6,1100161.467,-0.035682805,-0.020986091
1982,7,1074328.835,-0.016536969,-0.021205191
1982,8,1039904.86,0.061158576,0.118853461
1982,9,1162036.996,0.032246394,0.018062242
1982,10,1180988.779,0.127753354,0.118771705
1982,11,1318271.346,0.092751975,0.053067352
1982,12,1387231.837,0.021150842,0.01229039
1983,1,1406781.443,0.111246492,0.042798834
1983,2,1460360.407,0.054413858,0.031994664
1983,3,1498270.973,0.050410192,0.03451786
1983,4,1555346.303,0.07988116,0.07375029
1983,5,1671302.267,0.092037082,0.012126604
1983,6,1689948.362,0.049192748,0.037367844
1983,7,1767535.552,-0.019004148,-0.033220252
1983,8,1728588.972,-0.0344654,0.002457553
1983,9,1713974.666,0.01164737,0.017219857
1983,10,1749137.476,-0.056243792,-0.02681481
1983,11,1704078.147,0.028888831,0.028644054
1983,12,1749836.232,-0.019901375,-0.01047531
1984,1,1737199.724,0.003574535,-0.011590081
1984,2,1717769.476,-0.056648251,-0.040485965
1984,3,1627650.009,0.005992817,0.01361579
1984,4,1644827.05,-0.019964382,0.003004081
1984,5,1645506.712,-0.050491648,-0.051803014
1984,6,1552016.903,0.014449832,0.025578744
1984,7,1575721.999,-0.046631938,-0.019115882
1984,8,1536230.4,0.088218604,0.110842569
1984,9,1694704.676,-0.001678848,0.000570563
1984,10,1689035.347,-0.022387867,0.001463451
1984,11,1678744.657,-0.032768967,-0.010308623
1984,12,1644986.694,0.006515611,0.024708743
1985,1,1679547.68,0.122878525,0.086098402
1985,2,1815356.345,0.048392466,0.018006953
1985,3,1837472.164,-0.011783958,-0.002226882
1985,4,1826783.241,-0.012242531,-0.002394802
1985,5,1820236.857,0.022377134,0.057260809
1985,6,1914922.957,0.00220805,0.018127474
1985,7,1921204.692,0.024317125,-0.000653795
1985,8,1917561.511,-0.004761725,-0.004604795
1985,9,1892608.289,-0.058207596,-0.0390467
1985,10,1804597.26,0.018013429,0.046511271
1985,11,1885085.282,0.052818466,0.070523498
1985,12,1996653.382,0.029854354,0.04521177
1986,1,2086300.502,0.043403106,0.012096524
1986,2,2104014.02,0.062273835,0.076468577
1986,3,2253937.757,0.047576126,0.054731859
1986,4,2376888.872,0.014427986,-0.00759371
1986,5,2342416.966,0.036976655,0.051010736
1986,6,2459268.969,0.008117808,0.015560926
1986,7,2499914.619,-0.075124645,-0.059142903
1986,8,2355768.344,0.017222733,0.065115257
1986,9,2502708.327,-0.063325484,-0.081253099
1986,10,2294144.308,0.025206373,0.051043924
1986,11,2403108.627,-0.007582233,0.015534225
1986,12,2428744.544,-0.035772944,-0.027538215
1987,1,2350316.837,0.116486122,0.128532374
1987,2,2651563.944,0.076472392,0.048089397
1987,3,2770421.914,0.031119926,0.02104909
1987,4,2830089.389,-0.020680125,-0.016494446
1987,5,2777587.055,-0.000129421,0.004837305
1987,6,2794098.94,0.020783679,0.043730941
1987,7,2895014.5,0.031652565,0.04287441
1987,8,3010767.093,0.016334438,0.039903688
1987,9,3116337.139,-0.015502826,-0.021295935
1987,10,3052182.332,-0.273440734,-0.225775992
1987,11,2350747.736,-0.054161905,-0.073920185
1987,12,2162529.882,0.028635781,0.072065471
1988,1,2311711.468,0.078775479,0.04499892
1988,2,2404142.733,0.063725157,0.052110866
1988,3,2512919.188,0.036313556,-0.018173757
1988,4,2449815.438,0.015002486,0.010278783
1988,5,2465871.272,-0.017288162,0.002204845
1988,6,2454906.453,0.050408978,0.052665201
1988,7,2569906.307,-0.000199597,-0.007355933
1988,8,2535885.57,-0.022439491,-0.027056701
1988,9,2445615.356,0.01920139,0.039110277
1988,10,2531516.671,-0.014283347,0.017660482
1988,11,2562705.395,-0.039916904,-0.017115125
1988,12,2500755.221,0.02096324,0.021091939
1989,1,2509942.622,0.062706822,0.066218777
1989,2,2657454.779,0.003544453,-0.016374335
1989,3,2599309.05,0.016946804,0.022360762
1989,4,2648546.833,0.030449144,0.050048953
1989,5,2772676.989,0.028651583,0.040730606
1989,6,2848610.04,-0.010740645,-0.006286915
1989,7,2817734.136,0.028770797,0.078725032
1989,8,3020282.682,0.019445917,0.021789176
1989,9,3074216.309,0.002611424,-0.00115935
1989,10,3064850.08,-0.052939085,-0.02979177
1989,11,2969478.643,-0.010550015,0.017145376
1989,12,3004598.852,-0.015215719,0.017688605
1990,1,3056198.233,-0.050713874,-0.072270788
1990,2,2811385.991,0.01999511,0.016822546
1990,3,2848838.36,0.025980858,0.024713159
1990,4,2917923.952,-0.025642871,-0.026700322
1990,5,2835934.725,0.045543192,0.09095962
1990,6,3084514.067,0.00508756,-0.004632566
1990,7,3061167.681,-0.030979462,-0.012218023
1990,8,3022165.663,-0.114472821,-0.094511126
1990,9,2717781.382,-0.080897266,-0.055087254
1990,10,2558528.344,-0.061546473,-0.012403849
1990,11,2518382.613,0.036708423,0.069050861
1990,12,2679494.819,-0.003726091,0.03060207
1991,1,2749801.385,0.08790366,0.051993107
1991,2,2883308.773,0.136953302,0.076630961
1991,3,3093409.172,0.083052968,0.03098182
1991,4,3197610.537,0.031633803,0.002549537
1991,5,3202918.265,0.029415819,0.04123052
1991,6,3332906.62,-0.035910592,-0.04518609
1991,7,3197865.753,0.03503578,0.047230779
1991,8,3346913.511,0.030526952,0.027752347
1991,9,3431993.235,0.00783094,-0.011345925
1991,10,3407980.07,0.02455817,0.017099897
1991,11,3468442.919,-0.025293445,-0.037926582
1991,12,3331576.586,0.037642129,0.112100627
1992,1,3718605.408,0.160106338,-0.002493183
1992,2,3704056.081,0.055090648,0.013655588
1992,3,3757515.897,-0.014932446,-0.023131471
1992,4,3699160.049,-0.038364377,0.014052862
1992,5,3744077.637,0.002540086,0.005756172
1992,6,3755979.233,-0.042392603,-0.020081649
1992,7,3703444.43,0.02699377,0.040798976
1992,8,3852173.556,-0.026209529,-0.021166813
1992,9,3760427.209,0.013724952,0.014524216
1992,10,3818526.539,0.020932415,0.012443737
1992,11,3863037.727,0.074862746,0.043624621
1992,12,4022660.416,0.037528212,0.018156185
1993,1,4131302.66,0.069133048,0.011595237
1993,2,4163982.148,-0.015517636,0.003421501
1993,3,4176216.408,0.028216656,0.025669914
1993,4,4304530.279,-0.018357726,-0.028078063
1993,5,4183175.305,0.039637486,0.031023357
1993,6,4315367.973,0.012316176,0.005570123
1993,7,4376475.611,0.012722064,-0.001036844
1993,8,4371932.522,0.040091231,0.039647273
1993,9,4542287.652,0.028438528,0.001379938
1993,10,4572903.114,0.040266101,0.016315604
1993,11,4635664.674,-0.024177753,-0.016163183
1993,12,4559136.084,0.011501007,0.018749321
1994,1,4675223.272,0.049254222,0.031134359
1994,2,4820923.783,-0.006862663,-0.023322339
1994,3,4707470.066,-0.043556728,-0.045085572
1994,4,4502963.502,-0.015501918,0.00951017
1994,5,4538577.036,-0.002085899,0.008945963
1994,6,4577151.513,-0.027765883,-0.027275097
1994,7,4460397.281,0.014098065,0.030907472
1994,8,4595811.633,0.038831602,0.043841243
1994,9,4780238.044,0.007027528,-0.019174374
1994,10,4688957.13,0.000951035,0.017301771
1994,11,4763241.983,-0.043037369,-0.036576826
1994,12,4576059.514,-0.012667217,0.013046247
1995,1,4630506.645,0.031509623,0.022166487
1995,2,4722404.913,0.030861942,0.040271157
1995,3,4902251.002,0.018256091,0.026493602
1995,4,5037955.723,0.024062131,0.025516877
1995,5,5158032.233,0.019273512,0.034286691
1995,6,5319333.361,0.053759299,0.031888319
1995,7,5499114.897,0.060349102,0.041655791
1995,8,5712201.647,0.034907146,0.010168484
1995,9,5775029.081,0.028248859,0.037820523
1995,10,6103246.092,-0.043792383,-0.010245284
1995,11,5961076.999,0.016522631,0.043640293
1995,12,6217075.619,0.007487871,0.015207376
1996,1,6322332.681,0.028288745,0.026817405
1996,2,6482346.845,0.036309186,0.017197109
1996,3,6584836.916,0.026212337,0.011295531
1996,4,6675575.883,0.062928417,0.025127613
1996,5,6867446.449,0.067418366,0.027804361
1996,6,7079492.134,-0.034990813,-0.007335111
1996,7,7055928.488,-0.087051167,-0.055062205
1996,8,6656430.458,0.045872316,0.031830611
1996,9,6864019.904,0.031045861,0.054441244
1996,10,7239832.157,-0.024736657,0.012917178
1996,11,7316757.952,0.022878006,0.066553897
1996,12,7805253.772,-0.004458102,-0.012349576
1997,1,7708376.846,0.064211583,0.05407991
1997,2,8111355.784,-0.015071645,-0.000953159
1997,3,8096682.196,-0.052765879,-0.045828663
1997,4,7728280.98,-0.025573636,0.04461709
1997,5,8803916.089,0.091074292,0.066056222
1997,6,8626111.818,0.043819248,0.044665872
1997,7,8980190.983,0.049412582,0.077281685
1997,8,9667546.305,0.033733061,-0.036814733
1997,9,9300202.897,0.084893423,0.05779579
1997,10,9865826.667,-0.021211926,-0.033724652
1997,11,9519830.403,-0.021511519,0.033752514
1997,12,9832097.916,-0.028757874,0.018092587
1998,1,10020924.02,0.014163274,0.005717155
1998,2,10065536.45,0.062458915,0.074153644
1998,3,10793052.73,0.049253252,0.05146919
1998,4,11390889.97,0.02670946,0.011672655
1998,5,11491037.7,-0.045789401,-0.026618173
1998,6,11203584.64,-0.028902098,0.035904043
1998,7,11662832.39,-0.055369883,-0.02025473
1998,8,11435297.3,-0.200971926,-0.156210509
1998,9,9621642.519,0.039180495,0.066493854
1998,10,10256096.66,0.032968415,0.073014782
1998,11,11000485.23,0.082192638,0.063730416
1998,12,11617313.46,0.022926574,0.065211999
1999,1,12368057.53,0.072036269,0.038266178
1999,2,12781680.37,-0.048980453,-0.037223919
1999,3,12318052.72,-0.008358763,0.03901537
1999,4,12793323.31,0.084115521,0.047021156
1999,5,13430044.02,0.032190677,-0.021113594
1999,6,13195098.46,0.038218201,0.05161999
1999,7,13840346.46,0.008387972,-0.030942039
1999,8,13430031.13,-0.034033354,-0.009869563
1999,9,13306138.4,-0.016366681,-0.0239975
1999,10,13026893.32,-0.000767317,0.064756234
1999,11,13943665.71,0.097018398,0.037701724
1999,12,14550688.11,0.086157235,0.081022016
2000,1,15789767.32,0.051765138,-0.043253936
2000,2,15108266.61,0.127440967,0.029005605
2000,3,15650520.37,0.000915764,0.056784281
2000,4,16770539.42,-0.096360942,-0.059331403
2000,5,15826544.72,-0.063836876,-0.038900855
2000,6,15224973.07,0.084517319,0.050848537
2000,7,16029393.84,-0.021744163,-0.019952182
2000,8,15687780.07,0.062314551,0.075313126
2000,9,16907517.85,-0.041433165,-0.04928335
2000,10,16136463.72,-0.068476275,-0.022221854
2000,11,15751366.89,-0.130901255,-0.101926775
2000,12,14106728.52,-0.01429555,0.016842499
2001,1,14349092.4,0.247227439,0.037802222
2001,2,14884862.86,-0.080228302,-0.096543188
2001,3,13419518.9,-0.074086106,-0.068335467
2001,4,12507229.75,0.075687967,0.083221264
2001,5,13558764.01,0.067511139,0.010038481
2001,6,13672353.65,0.013432074,-0.016535561
2001,7,13460756.15,-0.030348807,-0.018345792
2001,8,13215743.93,-0.039598131,-0.060877601
2001,9,12401179.82,-0.133066192,-0.089576671
2001,10,11264165.87,0.083664223,0.027037047
2001,11,11573555.24,0.0783087,0.077003585
2001,12,12439516.8,0.063691477,0.017588918
2002,1,12655978.47,0.018890881,-0.012989558
2002,2,12475745.03,-0.040003189,-0.021699348
2002,3,12192405.22,0.081560972,0.043716068
2002,4,12740793.18,-0.001922347,-0.050503255
2002,5,12098800.25,-0.024335512,-0.012128102
2002,6,11934275.14,-0.070256428,-0.070632664
2002,7,11081323.03,-0.119099971,-0.080429292
2002,8,10186584.08,0.000985558,0.006350272
2002,9,10215985.71,-0.086580409,-0.101843994
2002,10,9158019.183,0.044292549,0.079631862
2002,11,9873696.002,0.129089429,0.060692143
2002,12,10453304.11,-0.051216009,-0.056442935
2003,1,9853433.668,0.001937999,-0.02468901
2003,2,9596279.628,-0.026231447,-0.017954251
2003,3,9404277.403,0.011131258,0.011927558
2003,4,9499734.5,0.100296922,0.082746198
2003,5,10278989.34,0.142029687,0.061368355
2003,6,10884024.23,0.052840949,0.015197668
2003,7,11049549.26,0.071451923,0.024006932
2003,8,11306077.84,0.049719683,0.023969963
2003,9,11572371.56,0.023242354,-0.011536114
2003,10,11477740.29,0.083214835,0.061470674
2003,11,12172779.47,0.037428378,0.014186863
2003,12,12339310.26,0.03450459,0.043666699
2004,1,12844542.06,0.071161802,0.022223686
2004,2,13118298.8,0.011559482,0.01462891
2004,3,13323504.65,0.001702338,-0.012295906
2004,4,13182377.31,-0.030326476,-0.017322501
2004,5,12956310.73,-0.001003893,0.012342579
2004,6,13099297.98,0.024250113,0.019376617
2004,7,13346668.42,-0.063736587,-0.039404265
2004,8,12801242.41,-0.014227938,0.001847257
2004,9,12811858.61,0.041326797,0.017159251
2004,10,13004771.02,0.018628149,0.01537493
2004,11,13154044.02,0.087219406,0.04691298
2004,12,13780549.6,0.059434262,0.03577616
2005,1,14273135.25,-0.035106014,-0.025878125
2005,2,13881814.22,0.009982743,0.020459544
2005,3,14150381.31,-0.029169421,-0.017223403
2005,4,13885169.1,-0.056572885,-0.024017424
2005,5,13544978.33,0.047921185,0.038906284
2005,6,14029387.67,0.034092209,0.007971643
2005,7,14117193.19,0.064700753,0.041523605
2005,8,14678511.14,-0.010977263,-0.008963682
2005,9,14489287.58,0.005719239,0.00768054
2005,10,14593184.58,-0.032308022,-0.017687367
2005,11,14304467.28,0.035862865,0.039226155
2005,12,14832509.46,0.008348981,0.00077942
2006,1,14790650.51,0.077758531,0.03381639
2006,2,15214275.16,0.004398081,0.000380623
2006,3,15238314.54,0.041586541,0.018316959
2006,4,15479393.03,0.006928669,0.01082682
2006,5,15559193.6,-0.047895143,-0.031254359
2006,6,15055449.15,-0.008760208,0.000492869
2006,7,15021641.78,-0.034204938,-0.003785761
2006,8,14932139.89,0.021379761,0.024484141
2006,9,15195302.27,0.009446752,0.022529348
2006,10,15502418.54,0.04877357,0.036283064
2006,11,16030354.18,0.027132585,0.021280459
2006,12,16308140.76,0.013670592,0.012559126
2007,1,16458238.32,0.02337962,0.01834102
2007,2,16704822.23,0.001978504,-0.015723403
2007,3,16386558.52,0.003000915,0.011153781
2007,4,16546727.23,0.022470034,0.039171161
2007,5,17141544.19,0.023914163,0.036449153
2007,6,17691462.89,-0.007077415,-0.015570262
2007,7,17358178.22,-0.049869533,-0.033156855
2007,8,16688335.65,-0.011566114,0.013382385
2007,9,16839976.63,0.015996374,0.035367251
2007,10,17318585.28,0.011091074,0.021213821
2007,11,17561638.71,-0.081998436,-0.0446231
2007,12,16644423.09,-0.01418251,-0.005854168
2008,1,16492182.86,-0.052443308,-0.061274084
2008,2,15420591.04,-0.026372747,-0.02952805
2008,3,14880342.2,-0.027213701,-0.007664678
2008,4,14747223.71,0.022496801,0.047775907
2008,5,15410048.54,0.033482625,0.020364891
2008,6,15675435.32,-0.092854706,-0.082532991
2008,7,14352288.51,0.008262658,-0.006142242
2008,8,14226675.6,0.023667564,0.01650265
2008,9,14408008.86,-0.110596365,-0.09138481
2008,10,13067704.93,-0.212403123,-0.170996057
2008,11,10768629.89,-0.139705387,-0.077265113
2008,12,9844480.453,0.029385637,0.017674408
2009,1,9986947.972,-0.039054127,-0.080810968
2009,2,9149087.47,-0.118522585,-0.100756812
2009,3,8175825.282,0.129739593,0.089818839
2009,4,8784206.173,0.21374581,0.101785931
2009,5,9661245.438,0.096647958,0.052082734
2009,6,10182354.72,0.034602497,0.004376215
2009,7,10244268.26,0.086435109,0.077281462
2009,8,11039099.1,0.066087423,0.033355516
2009,9,11423605.38,0.069770854,0.040859851
2009,10,11967209.19,-0.062520109,-0.025463368
2009,11,11590718.13,0.017368593,0.055703053
2009,12,12202189.41,0.066895992,0.027533823
2010,1,12551869.07,-0.007247145,-0.033427727
2010,2,12120859.74,0.037726015,0.033916239
2010,3,12501487.92,0.078409076,0.063105172
2010,4,13303594.74,0.075410747,0.020101512
2010,5,13555056.07,-0.082109755,-0.078799849
2010,6,12466886.78,-0.075675289,-0.0554063
2010,7,11750873.65,0.055124713,0.069217674
2010,8,12514896.67,-0.067565839,-0.047576055
2010,9,11875731.66,0.107872115,0.095549298
2010,10,12976958.52,0.043457268,0.038784918
2010,11,13442255.16,0.020934326,0.006059302
2010,12,13573976.56,0.083459553,0.068268106
2011,1,14482683.63,0.018157311,0.019958883
2011,2,14799006.46,0.043255342,0.034959759
2011,3,15321449.98,0.01049818,0.004518687
2011,4,15342641.18,0.013151477,0.028975232
2011,5,15762864.14,-0.020589877,-0.012675398
2011,6,15510096.41,-0.026096331,-0.017381554
2011,7,15183783.43,-0.025689343,-0.023528677
2011,8,14792287.42,-0.092737353,-0.059709431
2011,9,13840585.67,-0.107858628,-0.075686776
2011,10,12729013.09,0.120556104,0.113331855
2011,11,14118846.84,-0.019345226,-0.002794908
2011,12,13985765.42,0.00025042,0.007399186
2012,1,14020684.43,0.091039634,0.050489766
2012,2,14693890.12,0.039961119,0.044201728
2012,3,15276643.51,0.031922294,0.03121124
2012,4,15734068.88,-0.012180461,-0.008559031
2012,5,15571306.75,-0.070150242,-0.061612279
2012,6,14548286.3,0.038559774,0.038945243
2012,7,15079582.51,-0.010411916,0.007899686
2012,8,15154933.98,0.027105904,0.02553155
2012,9,15456331.84,0.038429748,0.027378637
2012,10,15856362.11,-0.019317231,-0.017486654
2012,11,15543407.08,0.002743662,0.007844002
2012,12,15581854.59,0.025410026,0.011822098
2013,1,15714454.44,0.072119741,0.055688596
2013,2,16570239,0.011264864,0.012909976
2013,3,16701802.4,0.044244387,0.040358426
2013,4,17373224.72,-0.001487106,0.015571833
2013,5,17618577.85,0.047815145,0.028030538
2013,6,18062916.38,0.000158015,-0.011905077
2013,7,17785128.8,0.073184143,0.056429127
2013,8,18736928.86,-0.020928519,-0.027031906
2013,9,18184200.94,0.058004576,0.037672052
2013,10,18820866.34,0.024968718,0.041660393
2013,11,19536681.23,0.040724845,0.031249028
2013,12,20101142.39,0.030831146,0.028091582
2014,1,20626694.39,0.000453497,-0.033142698
2014,2,19924011.76,0.047010199,0.046527795
2014,3,20828938.25,-0.00011977,0.004393073
2014,4,20894303.12,-0.04068995,-0.001867323
2014,5,20876789.76,0.001400109,0.020622795
2014,6,21227473.81,0.047575795,0.026119151
2014,7,21759428.28,-0.047779323,-0.020377073
2014,8,21277230.34,0.040405578,0.042327162
2014,9,22087466.77,-0.046591253,-0.019686057
2014,10,21610336.95,0.026648021,0.025089844
2014,11,22118716.12,-0.001363571,0.025464335
2014,12,22589082.52,0.018422585,-0.000598935
2015,1,22498935.76,-0.033477116,-0.031092725
2015,2,21751872.17,0.067166089,0.061284022
2015,3,22939340.68,0.000680881,-0.011077527
2015,4,22565110.49,0.000158025,0.00593812
2015,5,22667443.22,0.01162712,0.013601886
2015,6,22860115.25,-0.002286776,-0.015274944
2015,7,22456358.07,-0.030347491,0.015413919
2015,8,22784828.66,-0.045591707,-0.060212033
2015,9,21320597.45,-0.058049836,-0.030720056
2015,10,20596163.7,0.049091272,0.077413572
2015,11,22091423.6,0.024249702,0.00564857
2015,12,22107666.45,-0.04574723,-0.021571207
2016,1,21548827.4,-0.095721391,-0.057505861
2016,2,20224250.71,0.000409902,-0.000527334
2016,3,20006768.05,0.082784258,0.06973037
2016,4,21314571.81,0.036345191,0.009231247
2016,5,21432821.69,0.004455363,0.017820939
2016,6,21658792.38,-0.003921383,-0.000225124
2016,7,21599785.12,0.056844615,0.039682386
2016,8,22372157.39,0.021664537,0.005148127
2016,9,22403220.9,0.022038682,0.002837729
2016,10,22340652.3,-0.054122691,-0.020040964
2016,11,21847060.69,0.087539223,0.048762996
2016,12,22812742.36,0.019024146,0.018395144
2017,1,23147797.62,0.016774578,0.019714192
2017,2,23563740.03,0.018063468,0.03595418
2017,3,24294932.9,0.005534174,0.002028372
2017,4,24282798.33,0.000799468,0.0113865
2017,5,24531267.74,-0.021705035,0.011196326
2017,6,24741281.51,0.035464147,0.008583172
2017,7,24831321.09,-0.000821927,0.019393334
2017,8,25150060.02,-0.016309398,0.002548871
2017,9,25153062.66,0.070689876,0.025909573
2017,10,25766453.5,-0.00047909,0.023307433
2017,11,26295829.28,0.032139271,0.032019528
2017,12,27049451.56,0.011586674,0.011418601
2018,1,27300541.06,0.030729801,0.056863194
2018,2,28838111.26,-0.039305186,-0.035402787
2018,3,27713244.75,0.009181003,-0.022277735
2018,4,27112347.52,0.00577085,0.004140457
2018,5,27149879.08,0.050584813,0.02787685
2018,6,27854305.1,0.009804927,0.006285239
2018,7,27902492.04,0.00272834,0.033543138
2018,8,28780846.44,0.033743397,0.036000663
2018,9,29711045.71,-0.015304409,0.002094781
2018,10,29698830.16,-0.101271845,-0.074574407
2018,11,27365597.52,-0.003297846,0.018828242
2018,12,27682129.85,-0.128792782,-0.093503781
